<?xml version="1.0" encoding="UTF-8"?>
<project-private xmlns="http://www.netbeans.org/ns/project-private/1">
    <editor-bookmarks xmlns="http://www.netbeans.org/ns/editor-bookmarks/2" lastBookmarkId="0"/>
    <open-files xmlns="http://www.netbeans.org/ns/projectui-open-files/2">
        <group>
            <file>file:/C:/Users/PC/Documents/1.Stuff/1.%20KTU/3%20Semestras/Duomenu%20strukturos/Lab3/Lab3_MaisosLenteles/src/edu/ktu/ds/lab3/utils/ParsableHashMap.java</file>
            <file>file:/C:/Users/PC/Documents/1.Stuff/1.%20KTU/3%20Semestras/Duomenu%20strukturos/Lab3/Lab3_MaisosLenteles/src/edu/ktu/ds/lab3/demo/DemoExecution.java</file>
            <file>file:/C:/Users/PC/Documents/1.Stuff/1.%20KTU/3%20Semestras/Duomenu%20strukturos/Lab3/Lab3_MaisosLenteles/src/edu/ktu/ds/lab3/utils/ParsableMap.java</file>
            <file>file:/C:/Users/PC/Documents/1.Stuff/1.%20KTU/3%20Semestras/Duomenu%20strukturos/Lab3/Lab3_MaisosLenteles/src/edu/ktu/ds/lab3/utils/HashMap.java</file>
            <file>file:/C:/Users/PC/Documents/1.Stuff/1.%20KTU/3%20Semestras/Duomenu%20strukturos/Lab3/Lab3_MaisosLenteles/src/edu/ktu/ds/lab3/utils/EvaluableMap.java</file>
            <file>file:/C:/Users/PC/Documents/1.Stuff/1.%20KTU/3%20Semestras/Duomenu%20strukturos/Lab3/Lab3_MaisosLenteles/src/edu/ktu/ds/lab3/svencionis/SimpleBenchmark.java</file>
            <file>file:/C:/Users/PC/Documents/1.Stuff/1.%20KTU/3%20Semestras/Duomenu%20strukturos/Lab3/Lab3_MaisosLenteles/src/edu/ktu/ds/lab3/svencionis/ParsableHashMapOa.java</file>
            <file>file:/C:/Users/PC/Documents/1.Stuff/1.%20KTU/3%20Semestras/Duomenu%20strukturos/Lab3/Lab3_MaisosLenteles/src/edu/ktu/ds/lab3/gui/MainWindow.java</file>
            <file>file:/C:/Users/PC/Documents/1.Stuff/1.%20KTU/3%20Semestras/Duomenu%20strukturos/Lab3/Lab3_MaisosLenteles/src/edu/ktu/ds/lab3/svencionis/Phone.java</file>
            <file>file:/C:/Users/PC/Documents/1.Stuff/1.%20KTU/3%20Semestras/Duomenu%20strukturos/Lab3/Lab3_MaisosLenteles/src/edu/ktu/ds/lab3/gui/messages.properties</file>
            <file>file:/C:/Users/PC/Documents/1.Stuff/1.%20KTU/3%20Semestras/Duomenu%20strukturos/Lab3/Lab3_MaisosLenteles/src/edu/ktu/ds/lab3/svencionis/HashMapOa.java</file>
            <file>file:/C:/Users/PC/Documents/1.Stuff/1.%20KTU/3%20Semestras/Duomenu%20strukturos/Lab3/Lab3_MaisosLenteles/src/edu/ktu/ds/lab3/svencionis/PhonesGenerator.java</file>
            <file>file:/C:/Users/PC/Documents/1.Stuff/1.%20KTU/3%20Semestras/Duomenu%20strukturos/Lab3/Lab3_MaisosLenteles/src/edu/ktu/ds/lab3/svencionis/PhoneTest.java</file>
        </group>
    </open-files>
</project-private>
