<?xml version="1.0" encoding="UTF-8"?>
<project-private xmlns="http://www.netbeans.org/ns/project-private/1">
    <editor-bookmarks xmlns="http://www.netbeans.org/ns/editor-bookmarks/1"/>
    <editor-bookmarks xmlns="http://www.netbeans.org/ns/editor-bookmarks/2" lastBookmarkId="0"/>
    <open-files xmlns="http://www.netbeans.org/ns/projectui-open-files/2">
        <group>
            <file>file:/D:/diskas_D/Beans/2016/ProjektoDemo/src/lab3_pasirinktinis_adt/StackLinkedBlocks.java</file>
            <file>file:/D:/diskas_D/Beans/2016/ProjektoDemo/src/lab3_pasirinktinis_adt/StackTrial.java</file>
            <file>file:/D:/diskas_D/Beans/2016/ProjektoDemo/src/lab3_pasirinktinis_adt/StackFixedArray.java</file>
            <file>file:/D:/diskas_D/Beans/2016/ProjektoDemo/src/lab3_pasirinktinis_adt/StackClassic.java</file>
        </group>
    </open-files>
</project-private>
