<?xml version="1.0" encoding="UTF-8"?>
<project-private xmlns="http://www.netbeans.org/ns/project-private/1">
    <editor-bookmarks xmlns="http://www.netbeans.org/ns/editor-bookmarks/2" lastBookmarkId="0"/>
    <open-files xmlns="http://www.netbeans.org/ns/projectui-open-files/2">
        <group name="spec"/>
        <group>
            <file>file:/C:/Users/PC/Documents/1.Stuff/1.%20KTU/3%20Semestras/Duomenu%20strukturos/Intro/Lab1a_IntroductionFX/src/demos/console/Demo3_Text.java</file>
            <file>file:/C:/Users/PC/Documents/1.Stuff/1.%20KTU/3%20Semestras/Duomenu%20strukturos/Intro/Lab1a_IntroductionFX/src/demos/graphics/Demo5_MouseShapes.java</file>
            <file>file:/C:/Users/PC/Documents/1.Stuff/1.%20KTU/3%20Semestras/Duomenu%20strukturos/Intro/Lab1a_IntroductionFX/src/demos/graphics/Papildoma.java</file>
            <file>file:/C:/Users/PC/Documents/1.Stuff/1.%20KTU/3%20Semestras/Duomenu%20strukturos/Intro/Lab1a_IntroductionFX/src/demos/console/Demo1_StringBuilder.java</file>
            <file>file:/C:/Users/PC/Documents/1.Stuff/1.%20KTU/3%20Semestras/Duomenu%20strukturos/Intro/Lab1a_IntroductionFX/src/demos/graphics/Demo4_Moving.java</file>
            <file>file:/C:/Users/PC/Documents/1.Stuff/1.%20KTU/3%20Semestras/Duomenu%20strukturos/Intro/Lab1a_IntroductionFX/src/demos/console/Demo2_StackQueue.java</file>
            <file>file:/C:/Users/PC/Documents/1.Stuff/1.%20KTU/3%20Semestras/Duomenu%20strukturos/Intro/Lab1a_IntroductionFX/src/demos/graphics/Demo2_Transform.java</file>
            <file>file:/C:/Users/PC/Documents/1.Stuff/1.%20KTU/3%20Semestras/Duomenu%20strukturos/Intro/Lab1a_IntroductionFX/src/demos/console/Demo0_Hello.java</file>
            <file>file:/C:/Users/PC/Documents/1.Stuff/1.%20KTU/3%20Semestras/Duomenu%20strukturos/Intro/Lab1a_IntroductionFX/src/demos/graphics/Demo6_Images.java</file>
            <file>file:/C:/Users/PC/Documents/1.Stuff/1.%20KTU/3%20Semestras/Duomenu%20strukturos/Intro/Lab1a_IntroductionFX/src/demos/graphics/Demo0_Basic.java</file>
            <file>file:/C:/Users/PC/Documents/1.Stuff/1.%20KTU/3%20Semestras/Duomenu%20strukturos/Intro/Lab1a_IntroductionFX/src/demos/graphics/Demo1_Raster.java</file>
            <file>file:/C:/Users/PC/Documents/1.Stuff/1.%20KTU/3%20Semestras/Duomenu%20strukturos/Intro/Lab1a_IntroductionFX/src/demos/graphics/Demo3_AnimTurn.java</file>
        </group>
    </open-files>
</project-private>
