<?xml version="1.0" encoding="UTF-8"?>
<project-private xmlns="http://www.netbeans.org/ns/project-private/1">
    <editor-bookmarks xmlns="http://www.netbeans.org/ns/editor-bookmarks/2" lastBookmarkId="0"/>
    <open-files xmlns="http://www.netbeans.org/ns/projectui-open-files/2">
        <group>
            <file>file:/C:/Users/PC/Documents/1.Stuff/1.%20KTU/3%20Semestras/Duomenu%20strukturos/Lab2/Lab2_AibesMedziai/src/edu/ktu/ds/lab2/utils/ParsableSortedSet.java</file>
            <file>file:/C:/Users/PC/Documents/1.Stuff/1.%20KTU/3%20Semestras/Duomenu%20strukturos/Lab2/Lab2_AibesMedziai/src/edu/ktu/ds/lab2/svencionis/SimpleBenchmark.java</file>
            <file>file:/C:/Users/PC/Documents/1.Stuff/1.%20KTU/3%20Semestras/Duomenu%20strukturos/Lab2/Lab2_AibesMedziai/src/edu/ktu/ds/lab2/utils/ParsableBstSet.java</file>
            <file>file:/C:/Users/PC/Documents/1.Stuff/1.%20KTU/3%20Semestras/Duomenu%20strukturos/Lab2/Lab2_AibesMedziai/src/edu/ktu/ds/lab2/utils/AvlSet.java</file>
            <file>file:/C:/Users/PC/Documents/1.Stuff/1.%20KTU/3%20Semestras/Duomenu%20strukturos/Lab2/Lab2_AibesMedziai/src/edu/ktu/ds/lab2/svencionis/DemoExecution.java</file>
            <file>file:/C:/Users/PC/Documents/1.Stuff/1.%20KTU/3%20Semestras/Duomenu%20strukturos/Lab2/Lab2_AibesMedziai/src/edu/ktu/ds/lab2/gui/MainWindow.java</file>
            <file>file:/C:/Users/PC/Documents/1.Stuff/1.%20KTU/3%20Semestras/Duomenu%20strukturos/Lab2/Lab2_AibesMedziai/src/edu/ktu/ds/lab2/svencionis/MCTest.java</file>
            <file>file:/C:/Users/PC/Documents/1.Stuff/1.%20KTU/3%20Semestras/Duomenu%20strukturos/Lab2/Lab2_AibesMedziai/src/edu/ktu/ds/lab2/svencionis/Timekeeper.java</file>
            <file>file:/C:/Users/PC/Documents/1.Stuff/1.%20KTU/3%20Semestras/Duomenu%20strukturos/Lab2/Lab2_AibesMedziai/src/edu/ktu/ds/lab2/svencionis/Microcontroller.java</file>
            <file>file:/C:/Users/PC/Documents/1.Stuff/1.%20KTU/3%20Semestras/Duomenu%20strukturos/Lab2/Lab2_AibesMedziai/src/edu/ktu/ds/lab2/utils/BstSet.java</file>
            <file>file:/C:/Users/PC/Documents/1.Stuff/1.%20KTU/3%20Semestras/Duomenu%20strukturos/Lab2/Lab2_AibesMedziai/src/edu/ktu/ds/lab2/svencionis/MCGenerator.java</file>
            <file>file:/C:/Users/PC/Documents/1.Stuff/1.%20KTU/3%20Semestras/Duomenu%20strukturos/Lab2/Lab2_AibesMedziai/src/edu/ktu/ds/lab2/gui/messages.properties</file>
        </group>
    </open-files>
</project-private>
