<?xml version="1.0" encoding="UTF-8"?>
<project-private xmlns="http://www.netbeans.org/ns/project-private/1">
    <editor-bookmarks xmlns="http://www.netbeans.org/ns/editor-bookmarks/2" lastBookmarkId="0"/>
    <open-files xmlns="http://www.netbeans.org/ns/projectui-open-files/2">
        <group>
            <file>file:/C:/Users/PC/Documents/1.Stuff/1.%20KTU/3%20Semestras/Duomenu%20strukturos/Lab1/Lab1b_BendriniaiSarasai/src/edu/ktu/ds/lab1b/svencionis/Star.java</file>
            <file>file:/C:/Users/PC/Documents/1.Stuff/1.%20KTU/3%20Semestras/Duomenu%20strukturos/Lab1/Lab1b_BendriniaiSarasai/src/edu/ktu/ds/lab1b/demo/ManualTest.java</file>
            <file>file:/C:/Users/PC/Documents/1.Stuff/1.%20KTU/3%20Semestras/Duomenu%20strukturos/Lab1/Lab1b_BendriniaiSarasai/src/edu/ktu/ds/lab1b/util/LinkedList.java</file>
            <file>file:/C:/Users/PC/Documents/1.Stuff/1.%20KTU/3%20Semestras/Duomenu%20strukturos/Lab1/Lab1b_BendriniaiSarasai/src/edu/ktu/ds/lab1b/demo/CarList.java</file>
            <file>file:/C:/Users/PC/Documents/1.Stuff/1.%20KTU/3%20Semestras/Duomenu%20strukturos/Lab1/Lab1b_BendriniaiSarasai/src/edu/ktu/ds/lab1b/util/Ks.java</file>
            <file>file:/C:/Users/PC/Documents/1.Stuff/1.%20KTU/3%20Semestras/Duomenu%20strukturos/Lab1/Lab1b_BendriniaiSarasai/src/edu/ktu/ds/lab1b/svencionis/StarSearch.java</file>
            <file>file:/C:/Users/PC/Documents/1.Stuff/1.%20KTU/3%20Semestras/Duomenu%20strukturos/Lab1/Lab1b_BendriniaiSarasai/src/edu/ktu/ds/lab1b/svencionis/StarTest.java</file>
            <file>file:/C:/Users/PC/Documents/1.Stuff/1.%20KTU/3%20Semestras/Duomenu%20strukturos/Lab1/Lab1b_BendriniaiSarasai/src/edu/ktu/ds/lab1b/svencionis/Greitaveika.java</file>
            <file>file:/C:/Users/PC/Documents/1.Stuff/1.%20KTU/3%20Semestras/Duomenu%20strukturos/Lab1/Lab1b_BendriniaiSarasai/src/edu/ktu/ds/lab1b/demo/SimpleBenchmark.java</file>
            <file>file:/C:/Users/PC/Documents/1.Stuff/1.%20KTU/3%20Semestras/Duomenu%20strukturos/Lab1/Lab1b_BendriniaiSarasai/src/edu/ktu/ds/lab1b/demo/Car.java</file>
            <file>file:/C:/Users/PC/Documents/1.Stuff/1.%20KTU/3%20Semestras/Duomenu%20strukturos/Lab1/Lab1b_BendriniaiSarasai/src/edu/ktu/ds/lab1b/util/List.java</file>
            <file>file:/C:/Users/PC/Documents/1.Stuff/1.%20KTU/3%20Semestras/Duomenu%20strukturos/Lab1/Lab1b_BendriniaiSarasai/src/edu/ktu/ds/lab1b/demo/CarMarket.java</file>
            <file>file:/C:/Users/PC/Documents/1.Stuff/1.%20KTU/3%20Semestras/Duomenu%20strukturos/Lab1/Lab1b_BendriniaiSarasai/src/edu/ktu/ds/lab1b/svencionis/StarList.java</file>
        </group>
    </open-files>
</project-private>
