<?xml version="1.0" encoding="UTF-8"?>
<project-private xmlns="http://www.netbeans.org/ns/project-private/1">
    <editor-bookmarks xmlns="http://www.netbeans.org/ns/editor-bookmarks/2" lastBookmarkId="0"/>
    <open-files xmlns="http://www.netbeans.org/ns/projectui-open-files/2">
        <group>
            <file>file:/C:/Users/PC/Documents/1.Stuff/1.%20KTU/3%20Semestras/Duomenu%20strukturos/Projektas/Projektas/src/projektas/Projektas.java</file>
            <file>file:/C:/Users/PC/Documents/1.Stuff/1.%20KTU/3%20Semestras/Duomenu%20strukturos/Projektas/Projektas/src/Multiset/ExtendedMultiset.java</file>
            <file>file:/C:/Users/PC/Documents/1.Stuff/1.%20KTU/3%20Semestras/Duomenu%20strukturos/Projektas/Projektas/src/projektas/SimpleBenchmark.java</file>
            <file>file:/C:/Users/PC/Documents/1.Stuff/1.%20KTU/3%20Semestras/Duomenu%20strukturos/Projektas/Projektas/src/Gui/DemoExecution.java</file>
            <file>file:/C:/Users/PC/Documents/1.Stuff/1.%20KTU/3%20Semestras/Duomenu%20strukturos/Projektas/Projektas/src/Gui/MainWindow.java</file>
            <file>file:/C:/Users/PC/Documents/1.Stuff/1.%20KTU/3%20Semestras/Duomenu%20strukturos/Projektas/Projektas/src/Multiset/Multiset.java</file>
            <file>file:/C:/Users/PC/Documents/1.Stuff/1.%20KTU/3%20Semestras/Duomenu%20strukturos/Projektas/Projektas/src/Multiset/MultisetIn.java</file>
        </group>
    </open-files>
</project-private>
